code;value;year
SOM;111.3;2024
SDN;109.3;2024
SSD;109;2024
SYR;108.1;2024
COD;106.7;2024
YEM;106.6;2024
AFG;103.9;2024
CAF;103.9;2024
HTI;103.5;2024
TCD;102.7;2024
MMR;100;2024
ETH;98.1;2024
PSE;97.8;2024
MLI;97.3;2024
NGA;96.6;2024
LBY;96.5;2024
GIN;96.4;2024
ZWE;95.7;2024
NER;95.2;2024
CMR;94.3;2024
BFA;94.2;2024
UKR;93.1;2024
LBN;92.7;2024
BDI;92.6;2024
MOZ;92.5;2024
ERI;92.1;2024
PAK;91.7;2024
UGA;91.1;2024
COG;90.2;2024
VEN;89;2024
IRQ;88.6;2024
GNB;88.4;2024
LKA;88.2;2024
MRT;87;2024
LBR;86.9;2024
KEN;86.5;2024
BGD;85.9;2024
AGO;85.6;2024
CIV;85.3;2024
PRK;84.9;2024
TUR;84;2024
GNQ;83.7;2024
IRN;82.9;2024
EGY;82.8;2024
SLE;82.6;2024
RWA;81.8;2024
COM;81.7;2024
DJI;81.6;2024
RUS;81.6;2024
ZMB;81.2;2024
TGO;81.1;2024
MWI;80.5;2024
MDG;79.8;2024
PNG;78.8;2024
KHM;78.6;2024
HND;78.1;2024
NPL;78;2024
SWZ;77.6;2024
SLB;77.6;2024
NIC;76.7;2024
GMB;76.1;2024
TZA;75.7;2024
COL;75.6;2024
PHL;75.1;2024
GTM;74.9;2024
KGZ;74.9;2024
TLS;74.8;2024
LSO;74.6;2024
JOR;74.3;2024
SEN;74.2;2024
LAO;73.8;2024
AZE;72.8;2024
TJK;72.8;2024
BEN;72.5;2024
IND;72.3;2024
PER;72;2024
BIH;71;2024
BRA;70.3;2024
GAB;70.2;2024
ZAF;69.6;2024
BOL;69.4;2024
GEO;69.3;2024
MEX;69;2024
MAR;68.8;2024
BLR;68.7;2024
SLV;68.7;2024
DZA;68.6;2024
STP;68.5;2024
ARM;68.1;2024
ECU;68;2024
SRB;67.8;2024
TUN;67.2;2024
FSM;66.9;2024
FJI;66.4;2024
THA;66.2;2024
UZB;64.8;2024
MDA;64.7;2024
BTN;64.5;2024
CHN;64.4;2024
BHR;64.2;2024
WSM;63.9;2024
IDN;63.7;2024
SAU;63.2;2024
TKM;62.2;2024
PRY;61.5;2024
GHA;60.8;2024
MDV;60.3;2024
DOM;60.2;2024
JAM;59.3;2024
NAM;59.3;2024
GUY;59.2;2024
CUB;59.1;2024
SUR;58.8;2024
MKD;58.1;2024
KAZ;57.8;2024
CPV;57.2;2024
BLZ;57;2024
MNE;56.9;2024
VNM;56.2;2024
ALB;55.9;2024
GRC;54.7;2024
CYP;54.1;2024
BRN;53.9;2024
BWA;53.6;2024
TTO;53.5;2024
MYS;53.1;2024
ATG;51.9;2024
GRD;51.9;2024
ISR;51.5;2024
ROU;51;2024
SYC;51;2024
MNG;50.7;2024
BGR;49.4;2024
KWT;49.3;2024
BHS;48;2024
PAN;47.7;2024
OMN;47.4;2024
HUN;46.2;2024
HRV;45.9;2024
BRB;44.7;2024
USA;44.5;2024
ARG;44.2;2024
ESP;44;2024
POL;41.7;2024
LVA;41.4;2024
CHL;41.1;2024
ITA;41.1;2024
GBR;40.8;2024
QAT;39.8;2024
CRI;39.4;2024
MUS;37.8;2024
CZE;37.7;2024
LTU;37.4;2024
EST;36.5;2024
SVK;35.3;2024
ARE;34.7;2024
URY;33.7;2024
MLT;31.1;2024
BEL;30.3;2024
JPN;30.2;2024
KOR;29.8;2024
FRA;28.3;2024
SVN;26.1;2024
PRT;25.9;2024
SGP;25.4;2024
DEU;24;2024
AUT;23.1;2024
SWE;20.6;2024
AUS;19.6;2024
NLD;19.5;2024
LUX;18.7;2024
CAN;18.6;2024
IRL;18.6;2024
CHE;16.2;2024
DNK;15.9;2024
NZL;15.9;2024
ISL;15.2;2024
FIN;14.3;2024
NOR;12.7;2024
SOM;111.9;2023
YEM;108.9;2023
SSD;108.5;2023
COD;107.2;2023
SYR;107.1;2023
AFG;106.6;2023
SDN;106.2;2023
CAF;105.7;2023
TCD;104.6;2023
HTI;102.9;2023
ETH;100.4;2023
MMR;100.2;2023
MLI;99.5;2023
GIN;98.5;2023
NGA;98;2023
ZWE;96.9;2023
LBY;96.1;2023
UKR;95.9;2023
ERI;94.5;2023
BDI;94.2;2023
BFA;94;2023
MOZ;94;2023
CMR;94;2023
NER;93.4;2023
LBN;91.8;2023
UGA;91.5;2023
IRQ;91.4;2023
COG;90.7;2023
VEN;90.5;2023
LKA;90.3;2023
GNB;89.9;2023
PAK;89.9;2023
LBR;88.9;2023
PSE;87.9;2023
KEN;87.8;2023
CIV;87.1;2023
MRT;87;2023
PRK;87;2023
AGO;86.9;2023
IRN;85.4;2023
BGD;85.2;2023
GNQ;84.4;2023
MWI;83.2;2023
RWA;82.3;2023
COM;82.2;2023
DJI;82.2;2023
TGO;82.1;2023
ZMB;81.8;2023
MDG;81.7;2023
EGY;81.6;2023
SLE;81.4;2023
TUR;81.2;2023
RUS;80.7;2023
KHM;80.3;2023
NPL;80.2;2023
SLB;79.6;2023
HND;79.6;2023
SWZ;79.1;2023
COL;78.1;2023
PNG;78.1;2023
PHL;77.8;2023
NIC;77.7;2023
TLS;77.5;2023
GTM;77.3;2023
TZA;76.6;2023
LSO;76.3;2023
GMB;76.1;2023
JOR;75.7;2023
KGZ;75.6;2023
LAO;74.7;2023
BRA;74.5;2023
TJK;74.2;2023
IND;74.1;2023
BEN;73.3;2023
PER;73.1;2023
AZE;72.7;2023
BIH;72.3;2023
ZAF;72;2023
GEO;71.9;2023
SEN;71.5;2023
BOL;70.7;2023
FJI;70.2;2023
DZA;70;2023
BLR;69.9;2023
MEX;69.8;2023
STP;69.7;2023
ECU;69.4;2023
FSM;69.3;2023
SLV;69.3;2023
MAR;68.2;2023
THA;68;2023
SRB;67.9;2023
ARM;67.5;2023
MDA;67.4;2023
UZB;66.8;2023
BTN;66.4;2023
TUN;66.4;2023
IDN;65.6;2023
GAB;65.5;2023
SAU;65.3;2023
WSM;65.1;2023
BHR;65.1;2023
CHN;65.1;2023
TKM;64.5;2023
PRY;63.7;2023
MDV;62.9;2023
GHA;62.3;2023
JAM;61.9;2023
GUY;61.6;2023
DOM;60.8;2023
KAZ;60.6;2023
NAM;60.3;2023
MKD;60.3;2023
CPV;60.1;2023
BLZ;59.8;2023
SUR;59.7;2023
CUB;59.5;2023
VNM;58.3;2023
MNE;58;2023
CYP;57;2023
ALB;56.8;2023
BWA;55.3;2023
GRC;55.1;2023
MYS;55;2023
BRN;54.7;2023
ATG;53.8;2023
GRD;53.7;2023
SYC;53.3;2023
ROU;53;2023
TTO;52.9;2023
BGR;51.8;2023
MNG;51.3;2023
KWT;51.2;2023
BHS;49.2;2023
HUN;48.8;2023
PAN;48.7;2023
OMN;48.7;2023
HRV;48.7;2023
ARG;46.4;2023
BRB;45.4;2023
USA;45.3;2023
POL;45.2;2023
ISR;44.1;2023
ESP;43.5;2023
LVA;43.3;2023
ITA;42.6;2023
CHL;42.2;2023
GBR;41.9;2023
QAT;40.5;2023
CRI;40.4;2023
CZE;40.2;2023
LTU;39.4;2023
EST;38.6;2023
MUS;38;2023
SVK;37.8;2023
ARE;37;2023
URY;34.4;2023
MLT;33;2023
KOR;31.5;2023
BEL;31.4;2023
JPN;30.5;2023
FRA;28.8;2023
SVN;27.3;2023
PRT;25.7;2023
SGP;25.5;2023
DEU;24.6;2023
AUT;24.4;2023
AUS;22;2023
NLD;21;2023
SWE;20.6;2023
LUX;19.5;2023
IRL;19.5;2023
CAN;18.9;2023
DNK;17.9;2023
CHE;17.8;2023
NZL;16.7;2023
FIN;16;2023
ISL;15.7;2023
NOR;14.5;2023
YEM;111.7;2022
SOM;110.5;2022
SYR;108.4;2022
SSD;108.4;2022
CAF;108.1;2022
COD;107.3;2022
SDN;107.1;2022
AFG;105.9;2022
TCD;105.7;2022
MMR;100;2022
HTI;99.7;2022
GIN;99.6;2022
ETH;99.3;2022
MLI;98.6;2022
ZWE;97.8;2022
NGA;97.2;2022
CMR;96;2022
ERI;95.9;2022
BDI;95.4;2022
NER;95.2;2022
LBY;94.3;2022
MOZ;94.3;2022
IRQ;93.8;2022
COG;92.2;2022
UGA;92.1;2022
VEN;91.6;2022
GNB;91.3;2022
LBN;91.3;2022
BFA;90.5;2022
PAK;89.7;2022
CIV;89.6;2022
PRK;89.1;2022
LBR;88.2;2022
KEN;88.2;2022
AGO;88.1;2022
MRT;87.9;2022
PSE;85.6;2022
BGD;84.5;2022
GNQ;84.1;2022
IRN;84.1;2022
RWA;83.7;2022
EGY;83.6;2022
ZMB;83.6;2022
TGO;83.6;2022
MWI;83;2022
SLE;82.4;2022
COM;82.3;2022
DJI;81.3;2022
NPL;80.6;2022
KHM;80.5;2022
PHL;80.5;2022
MDG;80.4;2022
SWZ;80.4;2022
SLB;80.4;2022
PNG;79.5;2022
LKA;79.3;2022
TLS;79.3;2022
HND;78.7;2022
GMB;78.6;2022
COL;78.4;2022
TZA;78.2;2022
TUR;78.1;2022
NIC;77.7;2022
GTM;77.5;2022
LSO;77.4;2022
KGZ;77.1;2022
JOR;76.6;2022
LAO;75.5;2022
IND;75.3;2022
TJK;75;2022
BRA;73.9;2022
BOL;73.4;2022
AZE;73.1;2022
BIH;73;2022
RUS;72.6;2022
BEN;72.5;2022
DZA;72.2;2022
SEN;72.1;2022
ZAF;72;2022
GEO;71.8;2022
FSM;71;2022
SLV;70.8;2022
STP;70.4;2022
MEX;70.3;2022
MAR;70.1;2022
THA;70;2022
PER;69.8;2022
UZB;69.6;2022
ECU;69.1;2022
FJI;68.9;2022
BLR;68.7;2022
UKR;68.6;2022
TUN;68.2;2022
SRB;67.8;2022
SAU;67.5;2022
BTN;67.4;2022
ARM;67;2022
CHN;66.9;2022
GAB;66.7;2022
BHR;66.6;2022
IDN;66.6;2022
TKM;66.5;2022
PRY;65.4;2022
WSM;64.8;2022
MDV;64.5;2022
MDA;64.5;2022
GUY;64.2;2022
GHA;63;2022
NAM;62.9;2022
DOM;62.8;2022
MKD;62.6;2022
JAM;62.1;2022
BLZ;62.1;2022
CPV;61.4;2022
VNM;60.9;2022
SUR;60.8;2022
CUB;60.1;2022
KAZ;59.5;2022
MNE;57.9;2022
CYP;56.9;2022
ALB;56.7;2022
MYS;56.4;2022
BWA;56.1;2022
GRC;55.8;2022
BRN;55.1;2022
GRD;54.3;2022
ATG;54.2;2022
SYC;54.2;2022
TTO;52.4;2022
KWT;52.2;2022
BGR;51.6;2022
MNG;51.6;2022
HUN;50.8;2022
ROU;50.8;2022
BHS;50.6;2022
OMN;49.5;2022
HRV;49.3;2022
ARG;47.9;2022
PAN;47.5;2022
USA;46.6;2022
BRB;45.9;2022
ESP;44.4;2022
ITA;43.4;2022
CHL;43.2;2022
LVA;42.8;2022
ISR;42.6;2022
QAT;42.3;2022
POL;42.2;2022
CRI;41;2022
GBR;40.6;2022
CZE;39.9;2022
ARE;39.1;2022
LTU;38.6;2022
MUS;37.9;2022
EST;37.7;2022
SVK;37.1;2022
URY;35.2;2022
MLT;34.7;2022
KOR;32.7;2022
BEL;31.9;2022
JPN;31;2022
FRA;30.9;2022
SVN;27.7;2022
PRT;27.5;2022
SGP;25.8;2022
AUT;25.4;2022
DEU;23.6;2022
AUS;22.7;2022
NLD;22.1;2022
SWE;20.9;2022
IRL;20.8;2022
CAN;20.1;2022
LUX;20;2022
CHE;18.9;2022
DNK;18.1;2022
NZL;17.5;2022
ISL;17.1;2022
NOR;15.6;2022
FIN;15.1;2022
YEM;111.7;2021
SOM;110.9;2021
SYR;110.7;2021
SSD;109.4;2021
COD;108.4;2021
CAF;107;2021
TCD;105.8;2021
SDN;105.2;2021
AFG;102.1;2021
ZWE;99.1;2021
ETH;99;2021
NGA;98;2021
HTI;97.5;2021
GIN;97.4;2021
CMR;97.2;2021
BDI;97.1;2021
ERI;97;2021
LBY;97;2021
MLI;96.6;2021
IRQ;96.2;2021
NER;96;2021
MOZ;93.9;2021
MMR;93.8;2021
UGA;92.9;2021
VEN;92.6;2021
COG;92.4;2021
GNB;92;2021
CIV;90.7;2021
PAK;90.5;2021
PRK;90;2021
LBR;89.5;2021
KEN;89.2;2021
MRT;89.1;2021
LBN;89;2021
AGO;89;2021
BFA;87.1;2021
PSE;86;2021
TGO;85.1;2021
BGD;85;2021
EGY;85;2021
RWA;85;2021
ZMB;84.9;2021
IRN;84.5;2021
GNQ;84.1;2021
SLE;83.4;2021
MWI;83.2;2021
SWZ;82.5;2021
COM;82.5;2021
DJI;82.4;2021
PHL;82.4;2021
NPL;82.2;2021
TLS;80.9;2021
PNG;80.9;2021
KHM;80.6;2021
LKA;80.5;2021
GMB;80.5;2021
TUR;79.7;2021
MDG;79.5;2021
HND;79.4;2021
GTM;79.4;2021
SLB;79.3;2021
COL;79.3;2021
TZA;79.3;2021
LSO;77.9;2021
NIC;77.1;2021
IND;77;2021
JOR;76.8;2021
KGZ;76.4;2021
LAO;76;2021
BRA;75.8;2021
AZE;75.1;2021
TJK;75.1;2021
BOL;74.9;2021
DZA;73.6;2021
RUS;73.6;2021
SEN;73.4;2021
BIH;72.9;2021
BEN;72.8;2021
GEO;72.6;2021
UZB;72;2021
FSM;71.7;2021
SLV;71.6;2021
STP;71.5;2021
MAR;71.5;2021
PER;71.4;2021
ECU;71.2;2021
THA;70.9;2021
FJI;70.4;2021
ZAF;70;2021
MEX;69.9;2021
ARM;69.8;2021
UKR;69.8;2021
SAU;69.7;2021
TUN;69.2;2021
CHN;68.9;2021
BTN;68.3;2021
TKM;68.2;2021
BLR;68;2021
IDN;67.6;2021
MDV;67.6;2021
SRB;67.4;2021
GAB;67.4;2021
MDA;67;2021
BHR;66.7;2021
PRY;66.4;2021
GUY;66.1;2021
DOM;64.7;2021
MKD;64.5;2021
NAM;64.3;2021
WSM;64.2;2021
CPV;64.2;2021
BLZ;64.2;2021
GHA;63.9;2021
VNM;63.3;2021
SUR;61.5;2021
KAZ;61.2;2021
JAM;61.2;2021
CUB;59.5;2021
ALB;59;2021
MNE;58.5;2021
CYP;57.4;2021
BWA;57;2021
MYS;56.9;2021
SYC;56.3;2021
BRN;56.3;2021
GRD;56.1;2021
ATG;54.9;2021
GRC;54.5;2021
KWT;52.9;2021
TTO;52.9;2021
BHS;52.4;2021
MNG;52.3;2021
BGR;51.6;2021
HUN;51.1;2021
ROU;51;2021
OMN;50.4;2021
ARG;50.1;2021
HRV;49.8;2021
PAN;48.7;2021
BRB;47;2021
ITA;45.2;2021
ESP;44.8;2021
USA;44.6;2021
CHL;44.1;2021
QAT;44.1;2021
LVA;44;2021
POL;43.1;2021
ISR;43;2021
CRI;42.5;2021
GBR;41.5;2021
ARE;40.3;2021
EST;39.5;2021
CZE;39.3;2021
SVK;39;2021
LTU;38.7;2021
MUS;38.1;2021
MLT;36.2;2021
URY;35.9;2021
KOR;32.5;2021
FRA;32.5;2021
JPN;32.2;2021
BEL;31;2021
SVN;28.2;2021
PRT;26.8;2021
SGP;26.6;2021
AUT;26.1;2021
DEU;24.8;2021
NLD;24.1;2021
IRL;22.2;2021
AUS;21.8;2021
CAN;21.7;2021
SWE;21.4;2021
LUX;21.1;2021
CHE;19.9;2021
DNK;18.8;2021
NZL;18.4;2021
ISL;18;2021
NOR;16.6;2021
FIN;16.2;2021
YEM;112.4386938;2020
SOM;110.8889593;2020
SSD;110.7521904;2020
SYR;110.7496965;2020
COD;109.394621;2020
CAF;107.4866047;2020
TCD;106.4338206;2020
SDN;104.7658852;2020
AFG;102.9011871;2020
ZWE;99.22085681;2020
BDI;97.87602965;2020
CMR;97.85508161;2020
HTI;97.679;2020
NGA;97.26751113;2020
GIN;97.16761117;2020
MLI;96.04331296;2020
IRQ;95.94116979;2020
ERI;95.84423073;2020
NER;95.31488303;2020
LBY;95.19371849;2020
ETH;94.59577635;2020
MMR;94;2020
GNB;92.90207551;2020
UGA;92.77036847;2020
PAK;92.07809303;2020
COG;92.06819973;2020
MOZ;91.69371296;2020
VEN;91.15759123;2020
KEN;90.31586993;2020
PRK;90.21129785;2020
LBR;90.04390059;2020
CIV;89.72267369;2020
MRT;88.7424686;2020
AGO;87.32003903;2020
RWA;86.0295223;2020
EGY;86.00613825;2020
BFA;85.92852306;2020
TGO;85.84143116;2020
BGD;85.7;2020
LBN;84.72043334;2020
ZMB;84.47412891;2020
SLE;84.35580251;2020
MWI;84.01636088;2020
IRN;83.38660865;2020
GNQ;83.01620386;2020
SWZ;83;2020
DJI;82.72548312;2020
TLS;82.66311378;2020
NPL;82.56660215;2020
PNG;82.29729048;2020
GMB;82.21463957;2020
LKA;81.8;2020
COM;81.24901233;2020
PHL;81;2020
KHM;80.3083811;2020
SLB;79.74524648;2020
MDG;79.5302988;2020
GTM;79.17634844;2020
TUR;79.147394;2020
LSO;78.2901154;2020
TZA;78.14413662;2020
NIC;77.07751153;2020
LAO;76.86018745;2020
HND;76.788977;2020
COL;76.61419216;2020
TJK;75.50515392;2020
JOR;75.42853053;2020
IND;75.30743258;2020
ISR;75.12397172;2020
BOL;74.96686956;2020
DZA;74.5751829;2020
SEN;74.56464775;2020
KGZ;73.92936357;2020
UZB;73.10388718;2020
BRA;72.99411373;2020
RUS;72.5585832;2020
BEN;72.54479809;2020
AZE;71.28215921;2020
FSM;71.23563008;2020
MAR;71.22105198;2020
GEO;71.15229518;2020
THA;70.81357975;2020
STP;70.28190046;2020
BIH;70.22040622;2020
ZAF;70.10724307;2020
CHN;69.8587879;2020
FJI;69.85212212;2020
BTN;69.50902263;2020
ECU;69.40303455;2020
GAB;69.08700134;2020
TKM;69.05814194;2020
UKR;69.00704176;2020
SLV;68.89464371;2020
SAU;68.8;2020
TUN;68.12591303;2020
IDN;67.84550475;2020
PER;67.62810848;2020
MEX;67.2;2020
MDV;66.2;2020
SRB;66.11626144;2020
MDA;65.97954328;2020
GUY;65.95105985;2020
BLR;65.7518601;2020
PRY;65.17819422;2020
NAM;65.09591525;2020
CPV;64.7781709;2020
DOM;64.35620205;2020
ARM;64.2;2020
GHA;64.15816913;2020
BHR;63.88791154;2020
VNM;63.88539721;2020
WSM;63.29664856;2020
MKD;62.13086385;2020
BLZ;60.79466738;2020
SUR;60.12230683;2020
JAM;60.02494704;2020
KAZ;59.77010136;2020
CUB;59.22775698;2020
ALB;58.75381081;2020
MYS;57.56189553;2020
BWA;57.07123297;2020
BRN;56.60002752;2020
CYP;56.05796495;2020
MNE;55.46679468;2020
GRD;55.24684546;2020
SYC;54.67549774;2020
GRC;52.14869722;2020
ATG;52.06235185;2020
TTO;51.94514107;2020
MNG;51.93521252;2020
KWT;50.89927418;2020
BHS;49.86859356;2020
BGR;49.17165482;2020
OMN;47.99116057;2020
HUN;47.62085658;2020
ROU;46.65460149;2020
BRB;46.40725754;2020
HRV;46.09452118;2020
ARG;46.08795043;2020
PAN;45.98191489;2020
QAT;43.73987835;2020
CHL;42.51352691;2020
ITA;42.35313025;2020
LVA;42.31122746;2020
POL;41.02873392;2020
ESP;40.35163336;2020
CRI;40.18401785;2020
EST;38.52345451;2020
USA;38.27275828;2020
GBR;38.26047536;2020
SVK;38.2218146;2020
ARE;38.09922512;2020
MUS;37.18472003;2020
LTU;36.47089084;2020
CZE;35.74161611;2020
MLT;33.5936458;2020
URY;33.40577735;2020
JPN;32.33228912;2020
KOR;32.01527343;2020
FRA;30.48111107;2020
BEL;27.09814467;2020
SGP;26.32619466;2020
SVN;25.84648022;2020
AUT;24.10870308;2020
PRT;23.51466331;2020
DEU;23.18848852;2020
NLD;22.85983519;2020
IRL;19.93941688;2020
AUS;19.74640886;2020
LUX;18.84924041;2020
CAN;18.66889851;2020
SWE;18.20920195;2020
NZL;17.87989629;2020
ISL;17.8;2020
DNK;17.21358668;2020
CHE;17.0940857;2020
NOR;16.19121049;2020
FIN;14.62666619;2020
YEM;113.5;2019
SOM;112.3;2019
SSD;112.2;2019
SYR;111.5;2019
COD;110.2;2019
CAF;108.9;2019
TCD;108.5;2019
SDN;108;2019
AFG;105;2019
ZWE;99.5;2019
GIN;99.4;2019
HTI;99.3;2019
IRQ;99.1;2019
NGA;98.5;2019
BDI;98.2;2019
CMR;97;2019
ERI;96.4;2019
NER;96.2;2019
GNB;95.5;2019
UGA;95.3;2019
MLI;94.5;2019
MMR;94.3;2019
PAK;94.2;2019
ETH;94.2;2019
KEN;93.5;2019
PRK;92.7;2019
COG;92.5;2019
LBY;92.2;2019
CIV;92.1;2019
LBR;90.2;2019
MRT;90.1;2019
VEN;89.3;2019
MOZ;88.7;2019
EGY;88.4;2019
AGO;87.8;2019
BGD;87.7;2019
RWA;87.5;2019
TGO;87.4;2019
SLE;86.8;2019
ZMB;85.7;2019
TLS;85.5;2019
SWZ;85.3;2019
DJI;85.1;2019
LBN;85;2019
NPL;84.7;2019
LKA;84;2019
BFA;83.9;2019
GMB;83.9;2019
MWI;83.3;2019
PNG;83.1;2019
PHL;83.1;2019
IRN;83;2019
GNQ;82.6;2019
KHM;82.5;2019
SLB;81.9;2019
COM;81.7;2019
GTM;81.4;2019
MDG;80.9;2019
TUR;80.3;2019
TZA;80.1;2019
LSO;79.7;2019
LAO;78.7;2019
NIC;78.1;2019
HND;77.8;2019
TJK;77.7;2019
SEN;77.2;2019
ISR;76.5;2019
KGZ;76.2;2019
JOR;75.9;2019
COL;75.7;2019
UZB;75.7;2019
DZA;75.4;2019
RUS;74.7;2019
IND;74.4;2019
BEN;73.6;2019
AZE;73.2;2019
THA;73.1;2019
MAR;73;2019
FSM;73;2019
BOL;72.9;2019
GEO;72;2019
BTN;72;2019
BRA;71.8;2019
FJI;71.7;2019
TKM;71.4;2019
BIH;71.3;2019
ECU;71.2;2019
STP;71.1;2019
CHN;71.1;2019
ZAF;71.1;2019
UKR;71;2019
GAB;70.5;2019
SAU;70.4;2019
IDN;70.4;2019
TUN;70.1;2019
SLV;69.8;2019
MDV;69.8;2019
MEX;69.7;2019
PER;68.2;2019
GUY;68.2;2019
BLR;68.2;2019
SRB;68;2019
MDA;67.1;2019
PRY;67;2019
ARM;66.7;2019
CPV;66.6;2019
NAM;66.4;2019
DOM;66.2;2019
VNM;66.1;2019
GHA;65.9;2019
MKD;64.6;2019
WSM;64.2;2019
BHR;63.8;2019
BLZ;62.5;2019
SUR;61.9;2019
KAZ;61.6;2019
JAM;61.2;2019
CUB;60.8;2019
MYS;60.5;2019
BWA;59.5;2019
ALB;58.9;2019
CYP;57.8;2019
GRD;57.6;2019
BRN;57.5;2019
MNE;55.3;2019
SYC;55.2;2019
ATG;54.4;2019
MNG;54.1;2019
GRC;53.9;2019
KWT;53.2;2019
TTO;53;2019
BGR;50.6;2019
OMN;50;2019
HUN;49.6;2019
BHS;48.8;2019
BRB;48;2019
ROU;47.8;2019
HRV;47.5;2019
PAN;47;2019
ARG;46;2019
QAT;45.4;2019
LVA;43.9;2019
ITA;43.8;2019
POL;42.8;2019
CRI;42;2019
EST;40.8;2019
ESP;40.7;2019
SVK;40.5;2019
ARE;40.1;2019
MUS;38.9;2019
CHL;38.9;2019
LTU;38.1;2019
USA;38;2019
CZE;37.6;2019
GBR;36.7;2019
MLT;34.5;2019
JPN;34.3;2019
URY;34;2019
KOR;33.7;2019
FRA;32;2019
BEL;28.6;2019
SGP;28.1;2019
SVN;28;2019
PRT;25.3;2019
AUT;25;2019
NLD;24.8;2019
DEU;24.7;2019
IRL;20.6;2019
LUX;20.4;2019
SWE;20.3;2019
NZL;20.1;2019
CAN;20;2019
ISL;19.8;2019
AUS;19.7;2019
DNK;19.5;2019
CHE;18.7;2019
NOR;18;2019
FIN;16.9;2019
SSD;113.3573152;2018
SOM;113.2007961;2018
YEM;112.6715038;2018
SYR;111.3930311;2018
CAF;111.1263446;2018
COD;110.6703648;2018
SDN;108.6631944;2018
TCD;108.3118705;2018
AFG;106.6207681;2018
ZWE;102.2937525;2018
IRQ;102.2056854;2018
HTI;101.9695521;2018
GIN;101.6167425;2018
NGA;99.90823161;2018
ETH;99.56909778;2018
GNB;98.09458991;2018
KEN;97.38051499;2018
BDI;97.36424028;2018
ERI;97.20823904;2018
PAK;96.33806006;2018
NER;96.15290344;2018
MMR;96.09231014;2018
CMR;95.31218119;2018
UGA;95.14379555;2018
LBY;94.6;2018
CIV;94.56151917;2018
MLI;93.58132106;2018
PRK;93.2;2018
COG;93.12762986;2018
LBR;92.56025079;2018
MRT;92.15282858;2018
BGD;90.31281723;2018
AGO;89.44029612;2018
RWA;89.28772432;2018
SLE;89.08699645;2018
EGY;88.73736288;2018
MOZ;88.6541345;2018
TLS;88.25683064;2018
NPL;87.87642694;2018
SWZ;87.54065036;2018
ZMB;87.22404971;2018
DJI;87.11477755;2018
GMB;87.06418532;2018
LBN;86.81328587;2018
BFA;86.52363751;2018
VEN;86.20692502;2018
PHL;85.49988187;2018
MWI;85.48762156;2018
TGO;85.15884543;2018
LKA;84.89668809;2018
PNG;84.7702658;2018
IRN;84.27111517;2018
KHM;84.04889219;2018
MDG;83.57162962;2018
GNQ;83.39889584;2018
SLB;83.10491832;2018
COM;82.62279134;2018
TUR;82.219036;2018
GTM;81.83670919;2018
LAO;80.72431004;2018
LSO;80.13336188;2018
SEN;79.62828847;2018
TJK;79.50203763;2018
TZA;79.38569085;2018
UZB;79.1;2018
KGZ;78.63412191;2018
ISR;78.53374003;2018
HND;77.26244167;2018
RUS;77.16545659;2018
JOR;76.75207114;2018
COL;76.62792958;2018
IND;76.30850994;2018
DZA;75.78505154;2018
BEN;75.6900969;2018
NIC;75.3293213;2018
BOL;75.22337886;2018
THA;74.98003133;2018
AZE;74.63031998;2018
FJI;74.51822129;2018
FSM;74.43708792;2018
BTN;74.27398471;2018
ECU;74.23122556;2018
MAR;74.00415255;2018
GEO;74.00003923;2018
ZAF;72.9;2018
TKM;72.62111504;2018
UKR;72.56161245;2018
GAB;72.47628284;2018
MDV;72.4;2018
CHN;72.39504123;2018
IDN;72.29772814;2018
STP;72.13078165;2018
TUN;72.07067457;2018
MEX;71.51814359;2018
BIH;71.33654614;2018
SLV;71.16006105;2018
BLR;70.54071433;2018
GUY;70.35847016;2018
SAU;70.23498732;2018
PER;70.07298207;2018
PRY;69.75151701;2018
MDA;69.54603614;2018
ARM;69.54522382;2018
DOM;69.19632519;2018
NAM;68.81558957;2018
BRA;68.71313081;2018
VNM;68.39565234;2018
GHA;68.12218632;2018
SRB;68.06006237;2018
CPV;68;2018
WSM;65.53086972;2018
MKD;64.79715789;2018
BHR;64.38675795;2018
SUR;64.01235952;2018
BLZ;63.71214889;2018
MYS;63.59483708;2018
KAZ;63.43851484;2018
JAM;63.11945865;2018
CUB;62.89031679;2018
BWA;61.98745014;2018
CYP;60.28630696;2018
ALB;60.07930844;2018
GRD;59.9;2018
BRN;59.80623958;2018
SYC;56.75415569;2018
KWT;55.89148719;2018
ATG;55.61104073;2018
MNE;55.33841976;2018
GRC;55.2824101;2018
MNG;54.87347129;2018
TTO;54.60573984;2018
OMN;52.6498016;2018
BGR;51.65420796;2018
HUN;50.20431327;2018
BHS;49.99124185;2018
PAN;49.48072268;2018
ROU;49.36140868;2018
HRV;48.7164183;2018
BRB;48.18332937;2018
QAT;48.06415434;2018
ARG;46.06992257;2018
LVA;44.89992174;2018
ITA;43.8;2018
CRI;43.23672394;2018
EST;42.99005364;2018
ARE;42.82924451;2018
SVK;42.47488888;2018
POL;41.46116976;2018
ESP;41.38298112;2018
CHL;40.69103612;2018
MUS;40.49020054;2018
LTU;39.40955429;2018
CZE;39.04760146;2018
USA;37.7;2018
MLT;36.20624478;2018
KOR;35.73391459;2018
URY;35.44474842;2018
JPN;34.47489967;2018
GBR;34.29882224;2018
FRA;32.2270111;2018
SGP;30.42120273;2018
SVN;30.33350186;2018
BEL;29.65365045;2018
PRT;27.27345054;2018
AUT;26.1818803;2018
NLD;26.16998873;2018
DEU;25.83337236;2018
CAN;21.50558394;2018
NZL;20.88869978;2018
SWE;20.81881233;2018
AUS;20.770766;2018
LUX;20.75727646;2018
IRL;20.73930478;2018
ISL;20.3;2018
DNK;19.78517723;2018
CHE;19.20952631;2018
NOR;18.25872157;2018
FIN;17.93425193;2018
