code;value;year
AFG;8;2018
AFG;8;2017
AFG;7.9;2016
AFG;7.8;2025
AFG;7.9;2024
AFG;8.1;2023
AFG;8.1;2022
AFG;8;2021
AFG;8.1;2020
AFG;8.1;2019
AGO;5.9;2018
AGO;5.7;2017
AGO;4.9;2016
AGO;5.5;2025
AGO;4.8;2024
AGO;5.5;2023
AGO;5.3;2022
AGO;5.6;2021
AGO;5.4;2020
AGO;5.4;2019
ALB;3.1;2018
ALB;3.2;2017
ALB;3.3;2016
ALB;2.9;2025
ALB;3;2024
ALB;3;2023
ALB;2.9;2022
ALB;2.9;2021
ALB;3.2;2020
ALB;2.9;2019
ARE;2;2018
ARE;2.1;2017
ARE;2;2016
ARE;2.1;2025
ARE;2.1;2024
ARE;2.1;2023
ARE;2.1;2022
ARE;2.2;2021
ARE;2.1;2020
ARE;2.1;2019
ARG;3;2018
ARG;2.8;2017
ARG;2.7;2016
ARG;3;2025
ARG;3.1;2024
ARG;3;2023
ARG;3;2022
ARG;3;2021
ARG;3;2020
ARG;3.1;2019
ARM;3;2018
ARM;3.2;2017
ARM;3.1;2016
ARM;3.1;2025
ARM;3.3;2024
ARM;3;2023
ARM;2.9;2022
ARM;3;2021
ARM;2.9;2020
ARM;2.9;2019
ATG;2.2;2018
ATG;2.2;2017
ATG;2.3;2016
ATG;2;2025
ATG;2;2024
ATG;2.4;2023
ATG;2.3;2022
ATG;2.3;2021
ATG;2.3;2020
ATG;2.1;2019
AUS;2.5;2018
AUS;2.3;2017
AUS;2.3;2016
AUS;2.5;2025
AUS;2.5;2024
AUS;2.6;2023
AUS;2.5;2022
AUS;2.5;2021
AUS;2.5;2020
AUS;2.4;2019
AUT;2.2;2018
AUT;2.2;2017
AUT;2.2;2016
AUT;2.4;2025
AUT;2.4;2024
AUT;2.4;2023
AUT;2.2;2022
AUT;2.2;2021
AUT;2.2;2020
AUT;2.2;2019
AZE;4.9;2018
AZE;5.2;2017
AZE;5.1;2016
AZE;4.4;2025
AZE;5.2;2024
AZE;5.1;2023
AZE;4.9;2022
AZE;5.4;2021
AZE;4.7;2020
AZE;4.9;2019
BDI;5.9;2018
BDI;6;2017
BDI;6.1;2016
BDI;5.9;2025
BDI;5.8;2024
BDI;5.6;2023
BDI;5.9;2022
BDI;6.2;2021
BDI;6;2020
BDI;6;2019
BEL;2.4;2018
BEL;2.4;2017
BEL;2.3;2016
BEL;2.6;2025
BEL;2.6;2024
BEL;2.5;2023
BEL;2.4;2022
BEL;2.4;2021
BEL;2.4;2020
BEL;2.4;2019
BEN;4.3;2018
BEN;4.3;2017
BEN;4.3;2016
BEN;5.3;2025
BEN;5.1;2024
BEN;4.5;2023
BEN;4.5;2022
BEN;4.8;2021
BEN;4.3;2020
BEN;4.2;2019
BFA;5.3;2018
BFA;4.8;2017
BFA;4.6;2016
BFA;7.5;2025
BFA;7.5;2024
BFA;7.4;2023
BFA;7;2022
BFA;6.9;2021
BFA;6.6;2020
BFA;5.8;2019
BGD;6;2018
BGD;5.8;2017
BGD;5.7;2016
BGD;6;2025
BGD;5.5;2024
BGD;5.6;2023
BGD;5.5;2022
BGD;5.6;2021
BGD;5.7;2020
BGD;5.9;2019
BGR;2.4;2018
BGR;2.5;2017
BGR;2.5;2016
BGR;2.6;2025
BGR;2.6;2024
BGR;2.7;2023
BGR;2.4;2022
BGR;2.4;2021
BGR;2.3;2020
BGR;2.4;2019
BHR;2.1;2018
BHR;2.1;2017
BHR;2;2016
BHR;1.8;2025
BHR;1.8;2024
BHR;1.9;2023
BHR;1.9;2022
BHR;1.9;2021
BHR;2;2020
BHR;2;2019
BHS;2.2;2018
BHS;2.2;2017
BHS;2.3;2016
BHS;2.3;2025
BHS;2.3;2024
BHS;2.3;2023
BHS;2.2;2022
BHS;2.3;2021
BHS;2.3;2020
BHS;2.2;2019
BIH;3.6;2018
BIH;3.5;2017
BIH;3.6;2016
BIH;3.5;2025
BIH;3.6;2024
BIH;3.7;2023
BIH;3.7;2022
BIH;3.6;2021
BIH;3.6;2020
BIH;3.6;2019
BLR;2;2018
BLR;2.1;2017
BLR;2.1;2016
BLR;2.6;2025
BLR;2.5;2024
BLR;2.5;2023
BLR;2.3;2022
BLR;2.1;2021
BLR;2.1;2020
BLR;2;2019
BLZ;3.5;2018
BLZ;3.4;2017
BLZ;3.3;2016
BLZ;3.7;2024
BLZ;3.6;2025
BLZ;3.7;2023
BLZ;3.5;2022
BLZ;3.7;2021
BLZ;3.3;2020
BLZ;3.4;2019
BOL;3.7;2018
BOL;3.8;2017
BOL;3.9;2016
BOL;4.2;2025
BOL;4.2;2024
BOL;3.8;2023
BOL;3.9;2022
BOL;3.9;2021
BOL;3.8;2020
BOL;3.6;2019
BRA;4.7;2018
BRA;4.6;2017
BRA;4.5;2016
BRA;5.2;2025
BRA;5.1;2024
BRA;5;2023
BRA;5;2022
BRA;4.9;2021
BRA;5;2020
BRA;4.8;2019
BRB;2.1;2018
BRB;2.1;2017
BRB;2.1;2016
BRB;2.1;2025
BRB;2.1;2024
BRB;2.1;2023
BRB;2.1;2022
BRB;2.1;2021
BRB;2.1;2020
BRB;2.1;2019
BRN;2.4;2018
BRN;2.4;2017
BRN;2.3;2016
BRN;2.3;2025
BRN;2.3;2024
BRN;2.3;2023
BRN;2.3;2022
BRN;2.3;2021
BRN;2.3;2020
BRN;2.3;2019
BTN;3.1;2018
BTN;3.2;2017
BTN;3.3;2016
BTN;2.9;2025
BTN;3.1;2024
BTN;3.1;2023
BTN;3.1;2022
BTN;3.2;2021
BTN;3.1;2020
BTN;3.1;2019
BWA;2.9;2018
BWA;2.9;2017
BWA;3;2016
BWA;3;2025
BWA;3;2024
BWA;2.8;2023
BWA;2.9;2022
BWA;2.9;2021
BWA;2.8;2020
BWA;2.9;2019
CAF;8.2;2018
CAF;8.2;2017
CAF;8.3;2016
CAF;8.1;2025
CAF;8.1;2024
CAF;8.2;2023
CAF;8;2022
CAF;8;2021
CAF;8.2;2020
CAF;8.2;2019
CAN;2.4;2018
CAN;2.3;2017
CAN;2.4;2016
CAN;2.7;2025
CAN;2.6;2024
CAN;2.5;2023
CAN;2.5;2022
CAN;2.5;2021
CAN;2.5;2020
CAN;2.4;2019
CHE;1.6;2018
CHE;1.7;2017
CHE;1.6;2016
CHE;1.8;2025
CHE;1.8;2024
CHE;1.8;2023
CHE;1.7;2022
CHE;1.7;2021
CHE;1.6;2020
CHE;1.6;2019
CHL;2.9;2018
CHL;2.5;2017
CHL;2.6;2016
CHL;3.2;2025
CHL;3.2;2024
CHL;3.2;2023
CHL;3.2;2022
CHL;3.3;2021
CHL;3.1;2020
CHL;3;2019
CHN;4.1;2018
CHN;4.2;2017
CHN;4.2;2016
CHN;3;2025
CHN;3;2024
CHN;3.1;2023
CHN;3.8;2022
CHN;3.8;2021
CHN;3.9;2020
CHN;4;2019
CIV;4.9;2018
CIV;5.2;2017
CIV;4.8;2016
CIV;4.9;2025
CIV;4.7;2024
CIV;4.7;2023
CIV;4.7;2022
CIV;4.8;2021
CIV;4.7;2020
CIV;4.8;2019
CMR;6.6;2018
CMR;6.6;2017
CMR;6.7;2016
CMR;6.8;2025
CMR;6.9;2024
CMR;7;2023
CMR;6.9;2022
CMR;7;2021
CMR;6.9;2020
CMR;6.8;2019
COD;7.7;2018
COD;7.4;2017
COD;7.5;2016
COD;8.1;2025
COD;8.1;2024
COD;8;2023
COD;7.8;2022
COD;7.8;2021
COD;7.8;2020
COD;7.7;2019
COG;6;2018
COG;5.6;2017
COG;4.7;2016
COG;5;2025
COG;5;2024
COG;5.3;2023
COG;5;2022
COG;5.4;2021
COG;5.3;2020
COG;5.1;2019
COL;5.3;2018
COL;5.2;2017
COL;5.3;2016
COL;5.3;2025
COL;5.2;2024
COL;5.2;2023
COL;5.3;2022
COL;5.3;2021
COL;5.2;2020
COL;5.3;2019
COM;3.1;2018
COM;3.1;2017
COM;3.2;2016
COM;3.3;2025
COM;3.2;2024
COM;3.2;2023
COM;3.4;2022
COM;3.4;2021
COM;3.3;2020
COM;3.1;2019
CPV;2.5;2018
CPV;2.2;2017
CPV;2.2;2016
CPV;2.2;2025
CPV;2.2;2024
CPV;2.4;2023
CPV;2.2;2022
CPV;2.3;2021
CPV;2.2;2020
CPV;2.2;2019
CRI;2.6;2018
CRI;2.6;2017
CRI;2.7;2016
CRI;3.3;2025
CRI;3.2;2024
CRI;3.3;2023
CRI;3.1;2022
CRI;3;2021
CRI;2.9;2020
CRI;2.7;2019
CUB;3.4;2018
CUB;2.9;2017
CUB;2.7;2016
CUB;3.3;2025
CUB;3.3;2024
CUB;3.3;2023
CUB;2.7;2022
CUB;2.7;2021
CUB;3.3;2020
CUB;3.4;2019
CYP;2.8;2018
CYP;2.9;2017
CYP;2.9;2016
CYP;2.9;2025
CYP;2.9;2024
CYP;2.9;2023
CYP;2.9;2022
CYP;2.9;2021
CYP;2.8;2020
CYP;2.8;2019
CZE;1.2;2018
CZE;1.3;2017
CZE;1.6;2016
CZE;1.9;2025
CZE;1.9;2024
CZE;1.8;2023
CZE;1.2;2022
CZE;1.2;2021
CZE;1.2;2020
CZE;1.2;2019
DEU;2.4;2018
DEU;2.5;2017
DEU;2.3;2016
DEU;2.6;2025
DEU;2.6;2024
DEU;2.5;2023
DEU;2.4;2022
DEU;2.4;2021
DEU;2.4;2020
DEU;2.4;2019
DJI;5;2018
DJI;5;2017
DJI;4.9;2016
DJI;5;2025
DJI;5;2024
DJI;5.2;2023
DJI;5.3;2022
DJI;5.2;2021
DJI;5.2;2020
DJI;5.1;2019
DMA;3.2;2018
DMA;3;2017
DMA;3;2016
DMA;2.8;2025
DMA;2.9;2024
DMA;2.9;2023
DMA;3;2022
DMA;2.9;2021
DMA;3.2;2020
DMA;3.2;2019
DNK;1.4;2018
DNK;1.3;2017
DNK;1.3;2016
DNK;1.4;2025
DNK;1.4;2024
DNK;1.4;2023
DNK;1.4;2022
DNK;1.4;2021
DNK;1.4;2020
DNK;1.4;2019
DOM;4.4;2018
DOM;4.3;2017
DOM;4.5;2016
DOM;4.3;2025
DOM;4.5;2024
DOM;4.6;2023
DOM;4.2;2022
DOM;4.3;2021
DOM;4.2;2020
DOM;4.4;2019
DZA;4.1;2018
DZA;4.1;2017
DZA;4;2016
DZA;3.5;2025
DZA;3.4;2024
DZA;3.6;2023
DZA;3.8;2022
DZA;3.8;2021
DZA;3.7;2020
DZA;3.9;2019
ECU;4.4;2018
ECU;4.5;2017
ECU;4.6;2016
ECU;5.4;2025
ECU;5.1;2024
ECU;5.2;2023
ECU;5;2022
ECU;4.7;2021
ECU;4.6;2020
ECU;4.5;2019
EGY;5;2018
EGY;4.9;2017
EGY;4.9;2016
EGY;4.3;2025
EGY;4.5;2024
EGY;4.8;2023
EGY;4.9;2022
EGY;4.9;2021
EGY;4.9;2020
EGY;5;2019
ERI;5;2018
ERI;5.4;2017
ERI;4.8;2016
ERI;4.8;2025
ERI;4.5;2024
ERI;5.3;2023
ERI;4.6;2022
ERI;4.6;2021
ERI;4.5;2020
ERI;4.8;2019
ESP;2.1;2018
ESP;2;2017
ESP;1.9;2016
ESP;2.6;2025
ESP;2.6;2024
ESP;2.5;2023
ESP;2.3;2022
ESP;2.4;2021
ESP;2.3;2020
ESP;2.3;2019
EST;1.9;2018
EST;2.1;2017
EST;2;2016
EST;1.9;2025
EST;1.9;2024
EST;1.9;2023
EST;1.8;2022
EST;1.8;2021
EST;1.8;2020
EST;1.9;2019
ETH;6.8;2018
ETH;6.7;2017
ETH;6.8;2016
ETH;7.1;2025
ETH;7.4;2024
ETH;7.4;2023
ETH;7.2;2022
ETH;6.8;2021
ETH;6.7;2020
ETH;6.8;2019
FIN;1.7;2018
FIN;1.6;2017
FIN;1.7;2016
FIN;1.9;2025
FIN;1.9;2024
FIN;1.9;2023
FIN;1.7;2022
FIN;1.7;2021
FIN;1.7;2020
FIN;1.6;2019
FJI;3.3;2018
FJI;3.4;2017
FJI;3.2;2016
FJI;3.3;2025
FJI;3.3;2024
FJI;3.3;2023
FJI;3.3;2022
FJI;3.2;2021
FJI;3.2;2020
FJI;3.2;2019
FRA;2.5;2018
FRA;2.8;2017
FRA;2.5;2016
FRA;2.7;2025
FRA;2.7;2024
FRA;2.5;2023
FRA;2.4;2022
FRA;2.4;2021
FRA;2.5;2020
FRA;2.5;2019
FSM;3.3;2018
FSM;3.4;2017
FSM;3.3;2016
FSM;3.4;2025
FSM;3.4;2024
FSM;3.1;2023
FSM;3.1;2022
FSM;3.2;2021
FSM;3.3;2020
FSM;3.3;2019
GAB;3.6;2018
GAB;3.8;2017
GAB;3.8;2016
GAB;3.7;2024
GAB;4;2025
GAB;3.7;2023
GAB;3.6;2022
GAB;3.6;2021
GAB;3.7;2020
GAB;3.7;2019
GBR;1.8;2018
GBR;1.8;2017
GBR;1.8;2016
GBR;2.1;2025
GBR;2.1;2024
GBR;2;2023
GBR;1.9;2022
GBR;2;2021
GBR;1.9;2020
GBR;1.9;2019
GEO;3.5;2018
GEO;3.5;2017
GEO;3.6;2016
GEO;3.4;2025
GEO;3.6;2024
GEO;3.4;2023
GEO;3.4;2022
GEO;3.4;2021
GEO;3.4;2020
GEO;3.4;2019
GHA;3.8;2018
GHA;3.7;2017
GHA;3.9;2016
GHA;4;2025
GHA;4;2024
GHA;3.9;2023
GHA;3.7;2022
GHA;3.7;2021
GHA;3.8;2020
GHA;3.8;2019
GIN;4.7;2018
GIN;4.7;2017
GIN;5;2016
GIN;4.9;2024
GIN;4.9;2025
GIN;4.9;2023
GIN;4.8;2022
GIN;5.1;2021
GIN;4.7;2020
GIN;4.6;2019
GMB;4.5;2018
GMB;4.3;2017
GMB;4.3;2016
GMB;4.2;2025
GMB;4.2;2024
GMB;4.2;2023
GMB;4.2;2022
GMB;4.1;2021
GMB;4.1;2020
GMB;4.1;2019
GNB;4.7;2018
GNB;4.7;2017
GNB;4.7;2016
GNB;4.3;2024
GNB;4.3;2025
GNB;4.3;2023
GNB;4.4;2022
GNB;4.4;2021
GNB;4.4;2020
GNB;4.5;2019
GNQ;3.2;2018
GNQ;3.2;2017
GNQ;3.2;2016
GNQ;3.4;2024
GNQ;3.4;2025
GNQ;3.4;2023
GNQ;3.4;2022
GNQ;3.2;2021
GNQ;3.2;2020
GNQ;3.2;2019
GRC;3;2018
GRC;3;2017
GRC;2.9;2016
GRC;3.2;2024
GRC;3;2025
GRC;3.1;2023
GRC;3;2022
GRC;3.1;2021
GRC;3.2;2020
GRC;3.2;2019
GRD;2;2018
GRD;2.1;2017
GRD;2.1;2016
GRD;2.6;2025
GRD;2;2024
GRD;2.3;2023
GRD;2.4;2022
GRD;2.4;2021
GRD;2.1;2020
GRD;2.1;2019
GTM;4.8;2018
GTM;4.8;2017
GTM;5.1;2016
GTM;5.3;2025
GTM;5.1;2024
GTM;5.1;2023
GTM;5;2022
GTM;5;2021
GTM;5;2020
GTM;5.1;2019
GUY;3.7;2018
GUY;4;2017
GUY;4.1;2016
GUY;3.9;2025
GUY;3.9;2024
GUY;3.9;2023
GUY;4.1;2022
GUY;3.9;2021
GUY;3.9;2020
GUY;4.1;2019
HND;4.9;2018
HND;5.3;2017
HND;5.4;2016
HND;5.5;2024
HND;5.8;2025
HND;5.5;2023
HND;5.4;2022
HND;5.3;2021
HND;5.1;2020
HND;5;2019
HRV;2.5;2018
HRV;2.8;2017
HRV;2.8;2016
HRV;2.5;2024
HRV;2.5;2025
HRV;2.5;2023
HRV;2.3;2022
HRV;2.6;2021
HRV;2.4;2020
HRV;2.5;2019
HTI;5.9;2018
HTI;5.9;2017
HTI;5.6;2016
HTI;7.2;2025
HTI;7;2024
HTI;6.8;2023
HTI;6.5;2022
HTI;6.3;2021
HTI;5.7;2020
HTI;6.1;2019
HUN;2.1;2018
HUN;2.3;2017
HUN;2.5;2016
HUN;2.3;2025
HUN;2.3;2024
HUN;2.2;2023
HUN;2;2022
HUN;2.1;2021
HUN;2.1;2020
HUN;2;2019
IDN;4.1;2018
IDN;4.2;2017
IDN;4.3;2016
IDN;4.5;2025
IDN;4.7;2024
IDN;4.5;2023
IDN;4.5;2022
IDN;4.4;2021
IDN;4.4;2020
IDN;4.2;2019
IND;6;2018
IND;6.2;2017
IND;6.2;2016
IND;5.5;2025
IND;5.5;2024
IND;5.5;2023
IND;5.6;2022
IND;5.6;2021
IND;5.7;2020
IND;5.8;2019
IRL;1.9;2018
IRL;1.8;2017
IRL;1.8;2016
IRL;2.1;2025
IRL;2.1;2024
IRL;2.1;2023
IRL;1.7;2022
IRL;1.8;2021
IRL;1.9;2020
IRL;1.8;2019
IRN;5.4;2018
IRN;5.4;2017
IRN;5.4;2016
IRN;5.9;2024
IRN;6;2025
IRN;6;2023
IRN;5.9;2022
IRN;5.8;2021
IRN;5.9;2020
IRN;5.5;2019
IRQ;6.4;2018
IRQ;6.5;2017
IRQ;6.6;2016
IRQ;5.8;2025
IRQ;6;2024
IRQ;6;2023
IRQ;6.3;2022
IRQ;6;2021
IRQ;6;2020
IRQ;6.2;2019
ISL;1.2;2018
ISL;1.2;2017
ISL;1.2;2016
ISL;1.7;2024
ISL;1.6;2025
ISL;1.5;2023
ISL;1.4;2022
ISL;1.3;2021
ISL;1.3;2020
ISL;1.3;2019
ISR;2.4;2018
ISR;2.4;2017
ISR;2.6;2016
ISR;3.2;2024
ISR;3.2;2025
ISR;2.4;2023
ISR;2.3;2022
ISR;2.4;2021
ISR;2.4;2020
ISR;2.4;2019
ITA;3;2018
ITA;3;2017
ITA;2.9;2016
ITA;3;2025
ITA;3;2024
ITA;3;2023
ITA;2.8;2022
ITA;2.8;2021
ITA;2.9;2020
ITA;3;2019
JAM;3.1;2018
JAM;3.3;2017
JAM;3.3;2016
JAM;3.1;2025
JAM;2.9;2024
JAM;2.9;2023
JAM;3;2022
JAM;2.9;2021
JAM;2.9;2020
JAM;2.9;2019
JOR;4;2018
JOR;4.2;2017
JOR;3.7;2016
JOR;4;2025
JOR;3.7;2024
JOR;3.8;2023
JOR;3.8;2022
JOR;3.9;2021
JOR;3.9;2020
JOR;4;2019
JPN;2.1;2018
JPN;2;2017
JPN;2;2016
JPN;2.1;2025
JPN;2;2024
JPN;2;2023
JPN;2;2022
JPN;2;2021
JPN;2.1;2020
JPN;2.1;2019
KAZ;2.4;2018
KAZ;2.5;2017
KAZ;2.4;2016
KAZ;2.7;2025
KAZ;2.7;2024
KAZ;2.5;2023
KAZ;2.4;2022
KAZ;2.4;2021
KAZ;2.4;2020
KAZ;2.4;2019
KEN;6.1;2018
KEN;6.2;2017
KEN;6.3;2016
KEN;6;2025
KEN;6;2024
KEN;5.9;2023
KEN;6.1;2022
KEN;6.2;2021
KEN;6;2020
KEN;6.1;2019
KGZ;3.4;2018
KGZ;3.5;2017
KGZ;3.7;2016
KGZ;3.6;2025
KGZ;3.7;2024
KGZ;3.7;2023
KGZ;3.2;2022
KGZ;3.2;2021
KGZ;3.2;2020
KGZ;3.1;2019
KHM;4.3;2018
KHM;4.5;2017
KHM;4.3;2016
KHM;4.5;2025
KHM;4.5;2024
KHM;4.5;2023
KHM;4.5;2022
KHM;4.6;2021
KHM;4.6;2020
KHM;4.5;2019
KIR;3.9;2018
KIR;4;2017
KIR;3.9;2016
KIR;3.6;2025
KIR;3.6;2024
KIR;3.5;2023
KIR;3.5;2022
KIR;3.5;2021
KIR;3.6;2020
KIR;3.8;2019
KNA;1.8;2018
KNA;1.7;2017
KNA;2.1;2016
KNA;1.8;2024
KNA;1.8;2025
KNA;1.9;2023
KNA;2;2022
KNA;1.8;2021
KNA;1.8;2020
KNA;1.8;2019
KOR;2;2018
KOR;2.1;2017
KOR;2;2016
KOR;2.1;2025
KOR;2;2024
KOR;1.9;2023
KOR;2;2022
KOR;2;2021
KOR;2.1;2020
KOR;2.1;2019
KWT;2.9;2018
KWT;3.1;2017
KWT;3.1;2016
KWT;2.7;2025
KWT;2.7;2024
KWT;2.8;2023
KWT;2.9;2022
KWT;2.9;2021
KWT;2.9;2020
KWT;2.9;2019
LAO;3.7;2018
LAO;3.9;2017
LAO;3.9;2016
LAO;3.6;2024
LAO;3.6;2025
LAO;3.6;2023
LAO;3.7;2022
LAO;3.8;2021
LAO;4.1;2020
LAO;4;2019
LBN;5.8;2018
LBN;5.7;2017
LBN;6;2016
LBN;6.6;2025
LBN;5.9;2024
LBN;5.2;2023
LBN;5.3;2022
LBN;5.3;2021
LBN;5;2020
LBN;5.2;2019
LBR;4.9;2018
LBR;4.9;2017
LBR;5;2016
LBR;4.9;2025
LBR;4.7;2024
LBR;4.7;2023
LBR;4.9;2022
LBR;4.9;2021
LBR;4.9;2020
LBR;4.8;2019
LBY;5.9;2018
LBY;6.1;2017
LBY;6.2;2016
LBY;4.9;2024
LBY;5;2025
LBY;5;2023
LBY;5.4;2022
LBY;6.2;2021
LBY;6.3;2020
LBY;6;2019
LCA;2.7;2018
LCA;2.9;2017
LCA;2.6;2016
LCA;2.6;2025
LCA;2.7;2024
LCA;2.7;2023
LCA;2.7;2022
LCA;2.6;2021
LCA;2.5;2020
LCA;2.5;2019
LIE;0.9;2018
LIE;0.9;2017
LIE;0.9;2016
LIE;1;2024
LIE;1;2025
LIE;1;2023
LIE;0.9;2022
LIE;0.9;2021
LIE;0.9;2020
LIE;0.9;2019
LKA;3.8;2018
LKA;3.9;2017
LKA;3.9;2016
LKA;3.6;2025
LKA;3.4;2024
LKA;3.4;2023
LKA;3.5;2022
LKA;3.7;2021
LKA;4;2020
LKA;3.7;2019
LSO;4;2018
LSO;3.9;2017
LSO;3.8;2016
LSO;4.3;2024
LSO;4.3;2025
LSO;4.2;2023
LSO;4.2;2022
LSO;4.2;2021
LSO;4.3;2020
LSO;4.1;2019
LTU;1.8;2018
LTU;1.9;2017
LTU;1.9;2016
LTU;2.1;2025
LTU;2.3;2024
LTU;2.3;2023
LTU;1.8;2022
LTU;1.8;2021
LTU;1.8;2020
LTU;1.8;2019
LUX;1;2018
LUX;1;2017
LUX;1;2016
LUX;1.1;2024
LUX;1;2025
LUX;1.2;2023
LUX;1;2022
LUX;1;2021
LUX;1;2020
LUX;1;2019
LVA;2.8;2018
LVA;2.8;2017
LVA;2.8;2016
LVA;2.6;2024
LVA;2.6;2025
LVA;2.6;2023
LVA;2.5;2022
LVA;2.7;2021
LVA;2.6;2020
LVA;2.6;2019
MAR;3.7;2018
MAR;3.7;2017
MAR;3.7;2016
MAR;3.7;2025
MAR;3.8;2024
MAR;3.9;2023
MAR;3.7;2022
MAR;3.5;2021
MAR;3.5;2020
MAR;3.6;2019
MDA;3.1;2018
MDA;3.2;2017
MDA;3.2;2016
MDA;3.6;2024
MDA;3.6;2025
MDA;3.6;2023
MDA;3;2022
MDA;3.1;2021
MDA;3;2020
MDA;3.1;2019
MDG;5.5;2018
MDG;5.3;2017
MDG;5.3;2016
MDG;5.4;2024
MDG;5.4;2025
MDG;5.4;2023
MDG;5.5;2022
MDG;5.7;2021
MDG;5.5;2020
MDG;5.4;2019
MDV;2.2;2018
MDV;2;2017
MDV;2.2;2016
MDV;2.2;2024
MDV;2.2;2025
MDV;2.2;2023
MDV;2.1;2022
MDV;2.3;2021
MDV;2.2;2020
MDV;2.2;2019
MEX;4.7;2018
MEX;4.6;2017
MEX;4.4;2016
MEX;4.9;2025
MEX;4.8;2024
MEX;4.8;2023
MEX;4.8;2022
MEX;4.9;2021
MEX;4.8;2020
MEX;4.7;2019
MHL;3.7;2018
MHL;3.6;2017
MHL;3.7;2016
MHL;3.7;2025
MHL;3.4;2024
MHL;3.5;2023
MHL;3.2;2022
MHL;3.2;2021
MHL;3.3;2020
MHL;3.4;2019
MKD;2.8;2018
MKD;2.8;2017
MKD;2.8;2016
MKD;2.8;2024
MKD;2.8;2025
MKD;2.7;2023
MKD;2.5;2022
MKD;2.4;2021
MKD;2.3;2020
MKD;2.5;2019
MLI;6.7;2018
MLI;6.7;2017
MLI;6.5;2016
MLI;7.2;2024
MLI;7.1;2025
MLI;7.2;2023
MLI;7.1;2022
MLI;7.1;2021
MLI;6.8;2020
MLI;6.7;2019
MLT;1.6;2018
MLT;1.6;2017
MLT;1.6;2016
MLT;1.7;2024
MLT;1.7;2025
MLT;1.7;2023
MLT;1.6;2022
MLT;1.6;2021
MLT;1.7;2020
MLT;1.6;2019
MMR;6.5;2018
MMR;6.6;2017
MMR;6.9;2016
MMR;7;2025
MMR;6.9;2024
MMR;6.8;2023
MMR;6.6;2022
MMR;6.2;2021
MMR;6.3;2020
MMR;6.3;2019
MNE;2.6;2018
MNE;2.6;2017
MNE;2.7;2016
MNE;2.6;2025
MNE;2.9;2024
MNE;2.7;2023
MNE;2.3;2022
MNE;2.4;2021
MNE;2.6;2020
MNE;2.6;2019
MNG;3.2;2018
MNG;3.2;2017
MNG;3.2;2016
MNG;2.9;2025
MNG;2.9;2024
MNG;2.6;2023
MNG;2.6;2022
MNG;2.8;2021
MNG;2.8;2020
MNG;3.1;2019
MOZ;6;2018
MOZ;6.3;2017
MOZ;5.6;2016
MOZ;7.1;2025
MOZ;7.1;2024
MOZ;7.2;2023
MOZ;7.2;2022
MOZ;7.2;2021
MOZ;6.9;2020
MOZ;6.4;2019
MRT;5.2;2018
MRT;4.9;2017
MRT;4.9;2016
MRT;5;2024
MRT;5.1;2025
MRT;5.1;2023
MRT;5.2;2022
MRT;5.3;2021
MRT;5.2;2020
MRT;5.2;2019
MUS;1.9;2018
MUS;1.9;2017
MUS;1.9;2016
MUS;2.2;2025
MUS;2;2024
MUS;2;2023
MUS;2;2022
MUS;1.9;2021
MUS;1.8;2020
MUS;1.9;2019
MWI;4.7;2018
MWI;4.8;2017
MWI;4.7;2016
MWI;4.9;2025
MWI;4.8;2024
MWI;4.8;2023
MWI;4.5;2022
MWI;4.6;2021
MWI;4.5;2020
MWI;4.6;2019
MYS;3.3;2018
MYS;3.4;2017
MYS;3.4;2016
MYS;3.3;2025
MYS;3.3;2024
MYS;3.3;2023
MYS;3.3;2022
MYS;3.3;2021
MYS;3.3;2020
MYS;3.3;2019
NAM;3.8;2018
NAM;3.9;2017
NAM;4;2016
NAM;4.1;2025
NAM;3.8;2024
NAM;3.8;2023
NAM;3.8;2022
NAM;3.9;2021
NAM;4.1;2020
NAM;4.1;2019
NER;7;2018
NER;7;2017
NER;7.1;2016
NER;7.8;2025
NER;7.6;2024
NER;7.7;2023
NER;7.4;2022
NER;7.6;2021
NER;7.1;2020
NER;7;2019
NGA;7.1;2018
NGA;7.1;2017
NGA;7.1;2016
NGA;7;2024
NGA;7;2025
NGA;7.2;2023
NGA;7;2022
NGA;7;2021
NGA;7;2020
NGA;7;2019
NIC;4.3;2018
NIC;4.3;2017
NIC;4.4;2016
NIC;4.9;2024
NIC;4.9;2025
NIC;4.8;2023
NIC;4.8;2022
NIC;4.9;2021
NIC;4.6;2020
NIC;4.4;2019
NLD;2.2;2018
NLD;2.2;2017
NLD;2.2;2016
NLD;2.5;2025
NLD;2.5;2024
NLD;2.5;2023
NLD;2.2;2022
NLD;2.2;2021
NLD;2.2;2020
NLD;2.2;2019
NOR;1.7;2018
NOR;1.7;2017
NOR;1.7;2016
NOR;1.9;2025
NOR;1.9;2024
NOR;1.8;2023
NOR;1.7;2022
NOR;1.7;2021
NOR;1.7;2020
NOR;1.7;2019
NPL;4.9;2018
NPL;5;2017
NPL;5;2016
NPL;4.6;2025
NPL;4.4;2024
NPL;4.3;2023
NPL;4.4;2022
NPL;4.5;2021
NPL;4.4;2020
NPL;4.6;2019
NRU;2.5;2018
NRU;2.5;2017
NRU;2.5;2016
NRU;2.2;2025
NRU;2.2;2024
NRU;2.2;2023
NRU;2.3;2022
NRU;2.3;2021
NRU;2.5;2020
NRU;2.4;2019
NZL;1.4;2018
NZL;1.4;2017
NZL;1.4;2016
NZL;1.5;2025
NZL;1.5;2024
NZL;1.4;2023
NZL;1.4;2022
NZL;1.4;2021
NZL;1.4;2020
NZL;1.4;2019
OMN;2.6;2018
OMN;2.6;2017
OMN;2.6;2016
OMN;2.5;2024
OMN;2.5;2025
OMN;2.6;2023
OMN;2.5;2022
OMN;2.4;2021
OMN;2.4;2020
OMN;2.5;2019
PAK;6.5;2018
PAK;6.6;2017
PAK;6.8;2016
PAK;6.4;2025
PAK;6.5;2024
PAK;6.7;2023
PAK;6.4;2022
PAK;6.5;2021
PAK;6.5;2020
PAK;6.5;2019
PAN;3.9;2018
PAN;3.7;2017
PAN;3.7;2016
PAN;4.1;2025
PAN;4.1;2024
PAN;4.5;2023
PAN;4.1;2022
PAN;4.1;2021
PAN;4;2020
PAN;4;2019
PER;4.3;2018
PER;4.1;2017
PER;4.2;2016
PER;4.6;2025
PER;4.7;2024
PER;4.7;2023
PER;4.6;2022
PER;4.6;2021
PER;4.4;2020
PER;4.4;2019
PHL;5.6;2018
PHL;5.6;2017
PHL;5.6;2016
PHL;5.4;2025
PHL;5.4;2024
PHL;5.4;2023
PHL;5.5;2022
PHL;5.5;2021
PHL;5.6;2020
PHL;5.6;2019
PLW;2.5;2018
PLW;2.5;2017
PLW;2.5;2016
PLW;2.2;2025
PLW;2.4;2024
PLW;2.5;2023
PLW;2.5;2022
PLW;2.2;2021
PLW;2.2;2020
PLW;2.3;2019
PNG;5.6;2018
PNG;5.7;2017
PNG;5.6;2016
PNG;6.5;2025
PNG;5.8;2024
PNG;6.4;2023
PNG;6;2022
PNG;5.7;2021
PNG;5.8;2020
PNG;5.6;2019
POL;1.8;2018
POL;1.9;2017
POL;1.9;2016
POL;2.5;2025
POL;2.6;2024
POL;2.4;2023
POL;1.7;2022
POL;1.7;2021
POL;1.8;2020
POL;1.9;2019
PRK;5.2;2018
PRK;5.3;2017
PRK;5.3;2016
PRK;4.8;2024
PRK;4.8;2025
PRK;4.8;2023
PRK;5.2;2022
PRK;5.1;2021
PRK;5.1;2020
PRK;4.8;2019
PRT;1.4;2018
PRT;1.5;2017
PRT;1.5;2016
PRT;1.9;2025
PRT;1.9;2024
PRT;1.9;2023
PRT;1.6;2022
PRT;1.6;2021
PRT;1.5;2020
PRT;1.4;2019
PRY;2.9;2018
PRY;2.9;2017
PRY;3.1;2016
PRY;3;2025
PRY;2.9;2024
PRY;2.9;2023
PRY;3;2022
PRY;3.1;2021
PRY;3.3;2020
PRY;3;2019
PSE;4.8;2018
PSE;4.9;2017
PSE;4;2016
PSE;6.4;2025
PSE;6.1;2024
PSE;5.5;2023
PSE;5.5;2022
PSE;5;2021
PSE;5.5;2020
PSE;5.4;2019
QAT;1.3;2018
QAT;1.6;2017
QAT;1.5;2016
QAT;1.3;2025
QAT;1.2;2024
QAT;1.2;2023
QAT;1.3;2022
QAT;1.3;2021
QAT;1.3;2020
QAT;1.4;2019
ROU;2.3;2018
ROU;2.3;2017
ROU;2.3;2016
ROU;2.8;2024
ROU;2.9;2025
ROU;2.8;2023
ROU;2.3;2022
ROU;2.3;2021
ROU;2.2;2020
ROU;2.3;2019
RUS;3.8;2018
RUS;4;2017
RUS;4;2016
RUS;4.4;2025
RUS;4.3;2024
RUS;4.1;2023
RUS;3.2;2022
RUS;3.5;2021
RUS;3.5;2020
RUS;3.7;2019
RWA;5.1;2018
RWA;4.9;2017
RWA;4.6;2016
RWA;4.3;2024
RWA;4.3;2025
RWA;4.4;2023
RWA;4.4;2022
RWA;4.3;2021
RWA;4.6;2020
RWA;4.8;2019
SAU;3.3;2018
SAU;3.5;2017
SAU;3.2;2016
SAU;2.4;2025
SAU;2.7;2024
SAU;2.8;2023
SAU;2.9;2022
SAU;2.9;2021
SAU;3.2;2020
SAU;3.3;2019
SDN;7.3;2018
SDN;7.5;2017
SDN;7.4;2016
SDN;7.8;2025
SDN;7.8;2024
SDN;7.7;2023
SDN;7.5;2022
SDN;7.4;2021
SDN;7.3;2020
SDN;7.3;2019
SEN;4.7;2018
SEN;4.7;2017
SEN;4.8;2016
SEN;4.3;2024
SEN;4.4;2025
SEN;4.3;2023
SEN;4.4;2022
SEN;4.4;2021
SEN;4.5;2020
SEN;4.6;2019
SGP;0.6;2018
SGP;0.6;2017
SGP;0.6;2016
SGP;0.6;2024
SGP;0.6;2025
SGP;0.7;2023
SGP;0.6;2022
SGP;0.6;2021
SGP;0.7;2020
SGP;0.7;2019
SLB;4.3;2018
SLB;4.5;2017
SLB;4.6;2016
SLB;4.4;2025
SLB;4.4;2024
SLB;4.4;2023
SLB;4.6;2022
SLB;4.5;2021
SLB;4.2;2020
SLB;4.2;2019
SLE;4.7;2018
SLE;4.8;2017
SLE;4.8;2016
SLE;4.6;2024
SLE;4.9;2025
SLE;4.6;2023
SLE;4.7;2022
SLE;4.7;2021
SLE;4.7;2020
SLE;4.7;2019
SLV;3.6;2018
SLV;3.7;2017
SLV;3.7;2016
SLV;4;2025
SLV;4.1;2024
SLV;4.1;2023
SLV;3.5;2022
SLV;3.6;2021
SLV;3.7;2020
SLV;3.7;2019
SOM;8.1;2018
SOM;8.2;2017
SOM;8.2;2016
SOM;8.4;2025
SOM;8.4;2024
SOM;8.5;2023
SOM;7.8;2022
SOM;7.8;2021
SOM;8.3;2020
SOM;8.2;2019
SRB;2.9;2018
SRB;2.9;2017
SRB;3;2016
SRB;3.4;2025
SRB;3.4;2024
SRB;3.2;2023
SRB;2.9;2022
SRB;2.9;2021
SRB;3;2020
SRB;3;2019
SSD;8.8;2018
SSD;8.8;2017
SSD;8.6;2016
SSD;8.5;2024
SSD;8.5;2025
SSD;8.6;2023
SSD;8.7;2022
SSD;8.7;2021
SSD;8.7;2020
SSD;8.7;2019
STP;2.9;2018
STP;2.9;2017
STP;2.9;2016
STP;2.6;2024
STP;2.4;2025
STP;2.6;2023
STP;2.6;2022
STP;2.5;2021
STP;2.5;2020
STP;2.7;2019
SUR;3.1;2018
SUR;3;2017
SUR;3;2016
SUR;3.1;2024
SUR;3.1;2025
SUR;3.2;2023
SUR;3.2;2022
SUR;3.1;2021
SUR;3;2020
SUR;3;2019
SVK;2;2018
SVK;2;2017
SVK;2;2016
SVK;2.8;2025
SVK;2.8;2024
SVK;2.7;2023
SVK;2.1;2022
SVK;2;2021
SVK;2;2020
SVK;2;2019
SVN;1.5;2018
SVN;1.5;2017
SVN;1.5;2016
SVN;2.5;2025
SVN;2.5;2024
SVN;2;2023
SVN;1.6;2022
SVN;1.5;2021
SVN;1.5;2020
SVN;1.5;2019
SWE;2;2018
SWE;1.8;2017
SWE;1.8;2016
SWE;2;2024
SWE;2.1;2025
SWE;2;2023
SWE;1.9;2022
SWE;1.9;2021
SWE;1.9;2020
SWE;1.9;2019
SWZ;3.4;2018
SWZ;3.4;2017
SWZ;3.2;2016
SWZ;3.5;2025
SWZ;3.4;2024
SWZ;3.6;2023
SWZ;3.6;2022
SWZ;3.4;2021
SWZ;3.5;2020
SWZ;3.4;2019
SYC;1.7;2018
SYC;1.8;2017
SYC;1.9;2016
SYC;1.3;2024
SYC;1.3;2025
SYC;1.3;2023
SYC;1.4;2022
SYC;1.4;2021
SYC;1.5;2020
SYC;1.5;2019
SYR;7.5;2018
SYR;7.5;2017
SYR;7.4;2016
SYR;7.7;2024
SYR;7.7;2025
SYR;7.7;2023
SYR;7.7;2022
SYR;7.5;2021
SYR;7.5;2020
SYR;7.5;2019
TCD;7.7;2018
TCD;7.1;2017
TCD;7.3;2016
TCD;7.8;2024
TCD;8;2025
TCD;7.7;2023
TCD;7.7;2022
TCD;7.8;2021
TCD;7.7;2020
TCD;7.6;2019
TGO;4;2018
TGO;4;2017
TGO;4.1;2016
TGO;5.4;2025
TGO;5.4;2024
TGO;4.6;2023
TGO;4.3;2022
TGO;4.3;2021
TGO;4.3;2020
TGO;4.3;2019
THA;4.5;2018
THA;4.4;2017
THA;4.5;2016
THA;4.3;2025
THA;4.3;2024
THA;4.4;2023
THA;4.4;2022
THA;4.3;2021
THA;4.4;2020
THA;4.5;2019
TJK;4.1;2018
TJK;4.2;2017
TJK;4.2;2016
TJK;4;2025
TJK;4.1;2024
TJK;4.4;2023
TJK;4.2;2022
TJK;4;2021
TJK;4.1;2020
TJK;4.1;2019
TKM;3;2018
TKM;3.1;2017
TKM;3.1;2016
TKM;3.1;2025
TKM;3;2024
TKM;3;2023
TKM;3;2022
TKM;3;2021
TKM;3;2020
TKM;3.1;2019
TLS;3.9;2018
TLS;4.2;2017
TLS;4;2016
TLS;3.8;2024
TLS;3.8;2025
TLS;3.8;2023
TLS;4;2022
TLS;3.8;2021
TLS;3.8;2020
TLS;3.9;2019
TON;3.2;2018
TON;3.3;2017
TON;3.3;2016
TON;3.4;2025
TON;3.4;2024
TON;3.4;2023
TON;3.4;2022
TON;3.4;2021
TON;3.4;2020
TON;3.4;2019
TTO;2.5;2018
TTO;2.4;2017
TTO;2.3;2016
TTO;3;2025
TTO;3;2024
TTO;3.1;2023
TTO;2.9;2022
TTO;2.9;2021
TTO;3;2020
TTO;3.2;2019
TUN;3.4;2018
TUN;3.5;2017
TUN;3.6;2016
TUN;3.3;2024
TUN;3.3;2025
TUN;3.2;2023
TUN;3.4;2022
TUN;3.4;2021
TUN;3.3;2020
TUN;3.3;2019
TUR;5.4;2018
TUR;5.5;2017
TUR;5.3;2016
TUR;5.6;2024
TUR;5.5;2025
TUR;5.4;2023
TUR;5.3;2022
TUR;5.4;2021
TUR;5.4;2020
TUR;5.4;2019
TUV;2.9;2018
TUV;2.9;2017
TUV;3;2016
TUV;2.8;2025
TUV;3.1;2024
TUV;3;2023
TUV;3.1;2022
TUV;2.8;2021
TUV;2.6;2020
TUV;2.7;2019
TZA;4.9;2018
TZA;4.9;2017
TZA;4.9;2016
TZA;4.9;2025
TZA;4.8;2024
TZA;5;2023
TZA;5.3;2022
TZA;5;2021
TZA;4.9;2020
TZA;4.8;2019
UGA;5.5;2018
UGA;5.8;2017
UGA;5.3;2016
UGA;5.7;2025
UGA;6.3;2024
UGA;5.8;2023
UGA;5.7;2022
UGA;5.3;2021
UGA;5.4;2020
UGA;5.3;2019
UKR;4.7;2018
UKR;5.1;2017
UKR;5.2;2016
UKR;5.6;2025
UKR;5.6;2024
UKR;5.4;2023
UKR;4.7;2022
UKR;4.8;2021
UKR;4.9;2020
UKR;4.7;2019
URY;2.1;2018
URY;1.9;2017
URY;1.9;2016
URY;2.7;2025
URY;2.7;2024
URY;2.6;2023
URY;2.3;2022
URY;2.3;2021
URY;2.3;2020
URY;2.3;2019
USA;3.4;2018
USA;3.3;2017
USA;2.9;2016
USA;3.2;2025
USA;3.1;2024
USA;3.1;2023
USA;3.1;2022
USA;3.1;2021
USA;3.1;2020
USA;3.3;2019
UZB;3.6;2018
UZB;3.6;2017
UZB;3.7;2016
UZB;3.2;2025
UZB;3.2;2024
UZB;3.3;2023
UZB;3.3;2022
UZB;3.5;2021
UZB;3.6;2020
UZB;3.6;2019
VCT;2.9;2018
VCT;2.7;2017
VCT;2.4;2016
VCT;3;2025
VCT;2.7;2024
VCT;2.8;2023
VCT;3.1;2022
VCT;2.7;2021
VCT;2.7;2020
VCT;2.6;2019
VEN;5.4;2018
VEN;5.2;2017
VEN;5.1;2016
VEN;6.4;2024
VEN;5.8;2025
VEN;6.5;2023
VEN;6.2;2022
VEN;6.1;2021
VEN;6.1;2020
VEN;5.5;2019
VNM;4.4;2018
VNM;4.2;2017
VNM;4.2;2016
VNM;3.8;2024
VNM;4;2025
VNM;3.8;2023
VNM;3.9;2022
VNM;4;2021
VNM;4.1;2020
VNM;4.3;2019
VUT;4.5;2018
VUT;4.5;2017
VUT;4.5;2016
VUT;4.2;2025
VUT;4.2;2024
VUT;4.2;2023
VUT;4.3;2022
VUT;4.4;2021
VUT;4.1;2020
VUT;4.3;2019
WSM;2.8;2018
WSM;2.7;2017
WSM;2.7;2016
WSM;3;2025
WSM;3;2024
WSM;3;2023
WSM;2.9;2022
WSM;2.9;2021
WSM;2.9;2020
WSM;2.8;2019
YEM;8;2018
YEM;7.9;2017
YEM;7.6;2016
YEM;8.2;2024
YEM;8.2;2025
YEM;8.3;2023
YEM;8.4;2022
YEM;8.4;2021
YEM;8.4;2020
YEM;8.2;2019
ZAF;4.1;2018
ZAF;4.2;2017
ZAF;4.4;2016
ZAF;4.8;2025
ZAF;4.5;2024
ZAF;4.8;2023
ZAF;5.5;2022
ZAF;4.6;2021
ZAF;4.3;2020
ZAF;4.3;2019
ZMB;4.2;2018
ZMB;4.2;2017
ZMB;4.2;2016
ZMB;4.6;2025
ZMB;4.4;2024
ZMB;4.5;2023
ZMB;4.7;2022
ZMB;4.3;2021
ZMB;4.3;2020
ZMB;4.3;2019
ZWE;4.8;2018
ZWE;4.5;2017
ZWE;4.9;2016
ZWE;5;2025
ZWE;4.7;2024
ZWE;4.7;2023
ZWE;4.8;2022
ZWE;4.8;2021
ZWE;5.1;2020
ZWE;4.9;2019
